ID,AverageFiberLength,OrientationX,OrientationY,OrientationZ,AverageConnectivityWITHBoundary,AverageConnectivityWITHOUTBoundary,StrenghX,StrengthY,StrengthZ,ToughnessX,ToughnessY,ToughnessZ,Density,Sample1,Sample2,Ratio1,Ratio2,qSimx,qSimy,qSimz,AverageStrength,AverageToughness,dir
1,0.003410247,0.358088792,0.323266934,0.318644274,2.27027027,3.06,27.39580349,23.26753227,20.44932158,27.20107826,35.03607778,33.23568988,0.000276431,1,2,0.1,0.1,1,2,3,23.70421911,31.82428198,./WebNet_Mar6/All_Data/s1s2_Ratio_10_10
2,0.003581066,0.41122837,0.306072185,0.282699445,2.38869258,3.063953488,33.11980505,21.95102028,20.73245267,29.63238851,43.49650956,34.22331486,0.000289299,1,2,0.1,0.2,4,5,6,25.26775934,35.78407098,./WebNet_Mar6/All_Data/s1s2_Ratio_10_20
3,0.003333299,0.404571472,0.293940369,0.301488159,2.56612529,3.085910653,35.93331319,23.83732577,15.99769647,34.91253222,51.58305997,38.50661551,0.000312752,1,2,0.1,0.3,7,8,9,25.25611181,41.66740257,./WebNet_Mar6/All_Data/s1s2_Ratio_10_30
4,0.003439638,0.420830759,0.28437124,0.294798001,2.650095602,3.079575597,35.0822102,23.21174306,18.06494543,38.57051594,46.24524715,43.72346112,0.000313938,1,2,0.1,0.4,10,11,12,25.45296623,42.84640807,./WebNet_Mar6/All_Data/s1s2_Ratio_10_40
5,0.003383002,0.42718404,0.281558099,0.291257861,2.707165109,3.064718163,30.08595391,20.21689923,14.56803145,49.13843774,47.26644102,42.86073669,0.000318367,1,2,0.1,0.5,13,14,15,21.6236282,46.42187182,./WebNet_Mar6/All_Data/s1s2_Ratio_10_50
6,0.003339427,0.421125499,0.278881583,0.299992918,2.759689922,3.071550256,29.07871011,19.90334592,18.27449128,47.81314252,49.35924037,42.71333839,0.000327943,1,2,0.1,0.6,16,17,18,22.41884911,46.62857376,./WebNet_Mar6/All_Data/s1s2_Ratio_10_60
7,0.003425179,0.428833635,0.276710757,0.294455607,2.790035587,3.069875776,29.05908572,19.86861405,16.10379772,47.93522765,47.77489754,43.24693515,0.000321811,1,2,0.1,0.7,19,20,21,21.67716583,46.31902011,./WebNet_Mar6/All_Data/s1s2_Ratio_10_70
8,0.00350511,0.43353506,0.271989508,0.294475432,2.808791209,3.06970128,28.44102955,17.07516964,14.47115937,48.84934032,46.93857455,42.88535868,0.000316396,1,2,0.1,0.8,22,23,24,19.99578619,46.22442452,./WebNet_Mar6/All_Data/s1s2_Ratio_10_80
9,0.003561601,0.432381136,0.275012048,0.292606817,2.816032888,3.069057105,26.99796147,14.96540958,12.68583935,46.62192645,38.46092704,36.8877292,0.00030295,1,2,0.1,0.9,25,26,27,18.21640347,40.65686089,./WebNet_Mar6/All_Data/s1s2_Ratio_10_90
10,0.003557589,0.42782778,0.277020937,0.295151283,2.843118383,3.070967742,26.26495417,14.3936841,14.35693015,46.14556548,38.94376457,43.00633263,0.000294994,1,2,0.1,1,28,29,30,18.33852281,42.69855423,./WebNet_Mar6/All_Data/s1s2_Ratio_10_100
11,0.00299008,0.355029804,0.320323355,0.32464684,2.557863501,3.100478469,33.61740117,30.35799717,20.10846613,34.73468787,42.38957004,46.34282728,0.000334385,1,2,0.2,0.1,31,32,33,28.02795482,41.15569506,./WebNet_Mar6/All_Data/s1s2_Ratio_20_10
12,0.003149535,0.387016123,0.314491209,0.298492668,2.592074592,3.09252669,34.08622881,21.23405176,21.39879735,33.87410127,44.74222144,38.47766047,0.000321475,1,2,0.2,0.2,34,35,36,25.57302597,39.03132772,./WebNet_Mar6/All_Data/s1s2_Ratio_20_20
13,0.00309216,0.388296931,0.302876014,0.308827055,2.672443674,3.1,33.53553113,24.64402,16.71191748,39.64152494,58.18201891,47.99652946,0.000331917,1,2,0.2,0.3,37,38,39,24.96382287,48.6066911,./WebNet_Mar6/All_Data/s1s2_Ratio_20_30
14,0.00321011,0.404556885,0.293425202,0.302017912,2.723467862,3.092592593,34.68061302,22.66366243,15.62721659,36.9570254,57.34107752,44.02145568,0.000328798,1,2,0.2,0.4,40,41,42,24.32383068,46.10651953,./WebNet_Mar6/All_Data/s1s2_Ratio_20_40
15,0.003201997,0.412523523,0.289602378,0.297874099,2.758883249,3.078231293,29.04323341,21.36715907,16.57674474,41.5447066,52.49189309,46.59618004,0.000330365,1,2,0.2,0.5,43,44,45,22.32904574,46.87759324,./WebNet_Mar6/All_Data/s1s2_Ratio_20_50
16,0.003193817,0.409499505,0.286050854,0.304449642,2.795652174,3.081896552,29.12949014,20.5927264,17.98708671,48.98899706,46.20450696,47.83039096,0.0003373,1,2,0.2,0.6,46,47,48,22.56976775,47.67463166,./WebNet_Mar6/All_Data/s1s2_Ratio_20_60
17,0.00327744,0.417469708,0.283412771,0.299117521,2.8190091,3.079681275,28.39977662,19.64149587,16.65671325,49.58444762,45.7628022,49.62919318,0.000330635,1,2,0.2,0.7,49,50,51,21.56599525,48.325481,./WebNet_Mar6/All_Data/s1s2_Ratio_20_70
18,0.003355797,0.422686801,0.278597279,0.29871592,2.833333333,3.078817734,27.57777168,17.54829138,17.06457407,50.38046437,45.20186656,43.28192779,0.000324739,1,2,0.2,0.8,52,53,54,20.73021238,46.28808624,./WebNet_Mar6/All_Data/s1s2_Ratio_20_80
19,0.003413183,0.422448312,0.280830796,0.296720892,2.838248436,3.077726218,26.43011017,16.24367824,14.42465298,44.50632819,40.27917636,37.46352766,0.000310912,1,2,0.2,0.9,55,56,57,19.0328138,40.7496774,./WebNet_Mar6/All_Data/s1s2_Ratio_20_90
20,0.003419056,0.418962829,0.282275558,0.298761613,2.860759494,3.07918552,25.76670848,14.9611706,16.09649545,44.76302462,39.62809422,44.3340342,0.00030276,1,2,0.2,1,58,59,60,18.94145818,42.90838435,./WebNet_Mar6/All_Data/s1s2_Ratio_20_100
21,0.002901361,0.372272796,0.321219512,0.306507692,2.656455142,3.096153846,30.26577214,29.34334289,20.44741678,41.98120046,46.93774012,55.79190206,0.000342962,1,2,0.3,0.1,61,62,63,26.6855106,48.23694754,./WebNet_Mar6/All_Data/s1s2_Ratio_30_10
22,0.002988635,0.385902763,0.31916276,0.294934477,2.678899083,3.091145833,30.27517044,24.48901426,20.30576132,49.27733767,44.02395087,40.08914673,0.000323994,1,2,0.3,0.2,64,65,66,25.02331534,44.46347842,./WebNet_Mar6/All_Data/s1s2_Ratio_30_20
23,0.002978431,0.387237999,0.308273905,0.304488096,2.727272727,3.097415507,31.67907807,23.78931373,16.71289524,43.90069142,53.13633735,47.00900161,0.000331097,1,2,0.3,0.3,67,68,69,24.06042901,48.01534346,./WebNet_Mar6/All_Data/s1s2_Ratio_30_30
24,0.00309214,0.401581777,0.299166579,0.299251644,2.76433121,3.091680815,32.53982984,22.05879157,14.39138443,40.52140151,43.21268623,41.82313166,0.000327921,1,2,0.3,0.4,70,71,72,22.99666861,41.85240647,./WebNet_Mar6/All_Data/s1s2_Ratio_30_40
25,0.003101612,0.409094456,0.294948176,0.295957369,2.789823009,3.07959479,27.00866592,19.0157777,17.16567086,42.65128067,41.91894931,42.09614012,0.000329275,1,2,0.3,0.5,73,74,75,21.06337149,42.22212337,./WebNet_Mar6/All_Data/s1s2_Ratio_30_50
26,0.00310809,0.406830925,0.290995368,0.302173707,2.818532819,3.082603254,27.06515919,18.33248104,17.60965254,50.11118388,45.96083091,47.83015308,0.000335513,1,2,0.3,0.6,76,77,78,21.00243092,47.96738929,./WebNet_Mar6/All_Data/s1s2_Ratio_30_60
27,0.003188338,0.414361046,0.288128044,0.29751091,2.83800905,3.080607477,27.14211605,17.24639214,16.94678329,51.66060892,45.04340087,41.05843913,0.000329509,1,2,0.3,0.7,79,80,81,20.44509716,45.92081631,./WebNet_Mar6/All_Data/s1s2_Ratio_30_70
28,0.003263973,0.419423546,0.283302339,0.297274115,2.849829352,3.079781421,26.92132038,15.31095655,17.6247247,46.37114826,42.10455844,40.93098906,0.000324088,1,2,0.3,0.8,82,83,84,19.95233388,43.13556525,./WebNet_Mar6/All_Data/s1s2_Ratio_30_80
29,0.003320486,0.419425633,0.285049923,0.295524444,2.853441296,3.078756477,25.18176531,14.10000348,16.12613828,45.74045077,39.01972301,38.69768658,0.000311875,1,2,0.3,0.9,85,86,87,18.46930236,41.15262012,./WebNet_Mar6/All_Data/s1s2_Ratio_30_90
30,0.003331119,0.41636334,0.286140529,0.297496131,2.873174481,3.080040527,25.34059107,13.50851544,14.6782236,47.45021756,35.24769027,37.17292106,0.000304134,1,2,0.3,1,88,89,90,17.84244337,39.95694297,./WebNet_Mar6/All_Data/s1s2_Ratio_30_100
31,0.002942602,0.37891491,0.307648011,0.31343708,2.735812133,3.101092896,27.21982325,19.47637281,20.63516561,29.74736631,40.22588869,41.7898845,0.000319445,1,2,0.4,0.1,91,92,93,22.44378722,37.25437983,./WebNet_Mar6/All_Data/s1s2_Ratio_40_10
32,0.003013937,0.389790186,0.308140711,0.302069103,2.74457429,3.095890411,26.03731554,19.69196549,18.69467128,35.78474433,45.67828566,37.13774712,0.000307886,1,2,0.4,0.2,94,95,96,21.47465077,39.53359237,./WebNet_Mar6/All_Data/s1s2_Ratio_40_20
33,0.002999393,0.390207426,0.300530058,0.309262515,2.77643909,3.1005386,27.51095504,20.67907486,14.86394468,48.33304681,48.54530346,39.0466434,0.000315789,1,2,0.4,0.3,97,98,99,21.01799153,45.30833122,./WebNet_Mar6/All_Data/s1s2_Ratio_40_30
34,0.00310172,0.402949671,0.293306725,0.303743604,2.805721097,3.094867807,29.12908612,17.94484825,13.33494826,47.77931481,38.51140625,37.85172967,0.000314659,1,2,0.4,0.4,100,101,102,20.13629421,41.38081691,./WebNet_Mar6/All_Data/s1s2_Ratio_40_40
35,0.003109302,0.409753353,0.290159571,0.300087075,2.824634656,3.083221477,26.34743789,17.66386557,15.08109045,51.03150833,42.10249121,42.85645942,0.000317298,1,2,0.4,0.5,103,104,105,19.69746463,45.33015299,./WebNet_Mar6/All_Data/s1s2_Ratio_40_50
36,0.00311441,0.407542895,0.287069475,0.305387629,2.847706422,3.085580305,25.83674921,16.3200127,15.98296359,51.95545677,40.06451818,40.07709339,0.000324079,1,2,0.4,0.6,106,107,108,19.3799085,44.03235612,./WebNet_Mar6/All_Data/s1s2_Ratio_40_60
37,0.003189799,0.414590372,0.284704474,0.300705154,2.864538395,3.083516484,28.35319573,16.68868271,15.98528335,49.14430161,43.85650863,40.14826272,0.000319537,1,2,0.4,0.7,109,110,111,20.34238726,44.38302432,./WebNet_Mar6/All_Data/s1s2_Ratio_40_70
38,0.0032614,0.419374308,0.280396123,0.300229568,2.874388254,3.08255934,25.57078266,13.89099848,15.19096572,46.38863617,39.03468848,40.07165563,0.000315273,1,2,0.4,0.8,112,113,114,18.21758229,41.83166009,./WebNet_Mar6/All_Data/s1s2_Ratio_40_80
39,0.003315237,0.419379498,0.282248684,0.298371818,2.876648565,3.081452404,25.7625303,12.29124473,13.35354615,46.86510777,36.09429037,36.57133252,0.000306,1,2,0.4,0.9,115,116,117,17.13577373,39.84357689,./WebNet_Mar6/All_Data/s1s2_Ratio_40_90
40,0.003325658,0.416458733,0.283450977,0.30009029,2.894464945,3.082612872,24.56447597,12.79348506,13.53120181,43.81091529,33.36989345,37.67152752,0.000299157,1,2,0.4,1,118,119,120,16.96305428,38.28411209,./WebNet_Mar6/All_Data/s1s2_Ratio_40_100
41,0.002934194,0.384542957,0.295645966,0.319811076,2.76702509,3.100490196,26.77045752,15.39494766,16.20614051,31.11379778,34.06110665,40.40749722,0.000293657,1,2,0.5,0.1,121,122,123,19.4571819,35.19413388,./WebNet_Mar6/All_Data/s1s2_Ratio_50_10
42,0.003000866,0.393693385,0.297979905,0.308326709,2.770897833,3.095833333,26.03041904,16.02802359,13.65128355,41.60232913,39.20449745,37.29286782,0.000288126,1,2,0.5,0.2,124,125,126,18.56990873,39.3665648,./WebNet_Mar6/All_Data/s1s2_Ratio_50_20
43,0.00298981,0.393340048,0.292784772,0.31387518,2.795969773,3.100166945,25.67493533,15.43869598,13.64221065,45.57880547,39.73950165,39.96931629,0.000297637,1,2,0.5,0.3,127,128,129,18.25194732,41.76254114,./WebNet_Mar6/All_Data/s1s2_Ratio_50_30
44,0.003087235,0.404955803,0.287035886,0.308008312,2.821670429,3.094890511,26.60453383,15.35198184,12.69088259,46.76703284,34.53062184,40.15515133,0.000298792,1,2,0.5,0.4,130,131,132,18.21579942,40.48426867,./WebNet_Mar6/All_Data/s1s2_Ratio_50_40
45,0.003096216,0.411185771,0.284827126,0.303987103,2.837810945,3.08386277,25.71567587,17.1519941,12.94850204,44.08616462,35.68200251,36.65569025,0.000302997,1,2,0.5,0.5,133,134,135,18.60539067,38.80795246,./WebNet_Mar6/All_Data/s1s2_Ratio_50_50
46,0.003102697,0.408888602,0.2825275,0.308583898,2.858399296,3.08603352,26.81413876,16.03516908,15.17387179,49.09739742,36.28998117,42.0464382,0.000310689,1,2,0.5,0.6,136,137,138,19.34105988,42.47793893,./WebNet_Mar6/All_Data/s1s2_Ratio_50_60
47,0.003175641,0.415556464,0.280632901,0.303810635,2.873963516,3.084033613,28.06036556,15.14426565,14.55748749,53.13749784,37.13006483,39.50682519,0.00030772,1,2,0.5,0.7,139,140,141,19.25403957,43.25812929,./WebNet_Mar6/All_Data/s1s2_Ratio_50_70
48,0.00324518,0.420099793,0.276783988,0.303116219,2.882953653,3.083086053,28.07044652,13.62489347,14.83345721,45.81357053,36.42456205,39.09222511,0.000304744,1,2,0.5,0.8,142,143,144,18.8429324,40.44345256,./WebNet_Mar6/All_Data/s1s2_Ratio_50_80
49,0.003297752,0.420059163,0.278803107,0.301137731,2.884730539,3.081998115,26.51314818,12.56171784,12.94569349,44.65638307,33.49604715,36.71128612,0.000296769,1,2,0.5,0.9,145,146,147,17.3401865,38.28790545,./WebNet_Mar6/All_Data/s1s2_Ratio_50_90
50,0.003308719,0.417190919,0.28016026,0.302648822,2.901569187,3.083102493,25.77958977,12.99931729,12.43539377,47.39932467,29.07530134,38.981399,0.000290972,1,2,0.5,1,148,149,150,17.07143361,38.48534167,./WebNet_Mar6/All_Data/s1s2_Ratio_50_100
51,0.003004952,0.378410035,0.285378566,0.336211399,2.796638655,3.098876404,24.97956949,15.31106239,14.63305611,29.90032762,35.70852177,37.344732,0.000278143,1,2,0.6,0.1,151,152,153,18.307896,34.31786046,./WebNet_Mar6/All_Data/s1s2_Ratio_60_10
52,0.003058322,0.387707596,0.289003273,0.323289131,2.796486091,3.094777563,23.91703856,13.91954864,12.35233271,32.70630197,40.56729978,38.60299963,0.000275632,1,2,0.6,0.2,154,155,156,16.72963997,37.29220046,./WebNet_Mar6/All_Data/s1s2_Ratio_60_20
53,0.003037275,0.388443713,0.285750358,0.325805929,2.815884477,3.099056604,23.5702617,12.76484881,13.56762064,40.83210228,39.92913945,38.73863103,0.000285414,1,2,0.6,0.3,157,158,159,16.63424372,39.83329092,./WebNet_Mar6/All_Data/s1s2_Ratio_60_30
54,0.003125165,0.400039184,0.281259816,0.318701,2.838569881,3.094182825,25.15604598,12.54136148,14.94881284,45.2031186,30.98321322,36.76478523,0.000287723,1,2,0.6,0.4,160,161,162,17.5487401,37.65037235,./WebNet_Mar6/All_Data/s1s2_Ratio_60_40
55,0.003129291,0.40654245,0.279853466,0.313604084,2.852207294,3.083737864,24.54683039,14.8100116,12.31979207,45.77325041,33.09642539,37.55001138,0.000292735,1,2,0.6,0.5,163,164,165,17.22554469,38.80656239,./WebNet_Mar6/All_Data/s1s2_Ratio_60_50
56,0.003131635,0.404898996,0.278246896,0.316854108,2.870528109,3.08583691,23.96880342,15.10793244,13.47470491,46.61456406,38.20028177,40.73255078,0.00030082,1,2,0.6,0.6,166,167,168,17.51714692,41.8491322,./WebNet_Mar6/All_Data/s1s2_Ratio_60_60
57,0.003200395,0.411614744,0.276774127,0.311611129,2.884955752,3.083923155,25.02538494,13.43640315,12.73405173,49.35284379,37.5086259,38.60799152,0.000298906,1,2,0.6,0.7,169,170,171,17.06527994,41.82315374,./WebNet_Mar6/All_Data/s1s2_Ratio_60_70
58,0.0032664,0.416273171,0.273352773,0.310374056,2.893129771,3.083015267,24.17208456,11.71849834,13.71632577,44.07966511,35.31310367,41.26018251,0.000296817,1,2,0.6,0.8,172,173,174,16.53563622,40.21765043,./WebNet_Mar6/All_Data/s1s2_Ratio_60_80
59,0.003316402,0.416466189,0.275508116,0.308025695,2.894391843,3.081967213,23.54081287,12.09624271,12.63185376,43.58221741,32.57858095,36.1298197,0.000289785,1,2,0.6,0.9,175,176,177,16.08963645,37.43020602,./WebNet_Mar6/All_Data/s1s2_Ratio_60_90
60,0.003326101,0.413888227,0.276996979,0.309114794,2.910354413,3.083035714,24.0420231,12.53320199,12.50072065,43.09459162,29.02310544,34.48727016,0.000284764,1,2,0.6,1,178,179,180,16.35864858,35.53498907,./WebNet_Mar6/All_Data/s1s2_Ratio_60_100
61,0.003079934,0.382739089,0.277494731,0.33976618,2.8,3.098468271,23.92990074,12.644029,14.29382952,29.58050979,34.86687566,33.61821976,0.000258375,1,2,0.7,0.1,181,182,183,16.95591975,32.68853507,./WebNet_Mar6/All_Data/s1s2_Ratio_70_10
62,0.003122359,0.390984972,0.282019673,0.326995354,2.79943101,3.094517958,23.7492893,12.45039505,12.82966512,34.6772993,35.35872715,32.22251167,0.000258811,1,2,0.7,0.2,184,185,186,16.34311649,34.08617938,./WebNet_Mar6/All_Data/s1s2_Ratio_70_20
63,0.003090338,0.391131134,0.280092826,0.32877604,2.81786134,3.098765432,22.91746958,12.80675093,12.71496833,35.95391625,36.69911301,34.84384043,0.000269451,1,2,0.7,0.3,187,188,189,16.14639628,35.8322899,./WebNet_Mar6/All_Data/s1s2_Ratio_70_30
64,0.003170776,0.40197025,0.276482781,0.321546968,2.839872747,3.09400545,24.48330053,11.99340573,14.0144171,44.13276077,32.28469182,36.15548028,0.000273171,1,2,0.7,0.4,190,191,192,16.83037446,37.52431096,./WebNet_Mar6/All_Data/s1s2_Ratio_70_40
65,0.003169524,0.408044399,0.275674151,0.31628145,2.853107345,3.083732057,23.63578173,13.9552667,12.27849355,43.61372266,31.73988028,35.26243798,0.000279201,1,2,0.7,0.5,193,194,195,16.62318066,36.87201364,./WebNet_Mar6/All_Data/s1s2_Ratio_70_50
66,0.003167158,0.406273484,0.274594946,0.319131569,2.871021776,3.085805085,23.08908397,14.14303566,12.8236005,47.72003404,36.49732369,38.58434202,0.000287912,1,2,0.7,0.6,196,197,198,16.68524004,40.93389991,./WebNet_Mar6/All_Data/s1s2_Ratio_70_60
67,0.003232717,0.412708565,0.273446253,0.313845182,2.885193983,3.083916084,24.38616939,12.48829466,12.68146975,47.62343467,36.12906075,35.01648691,0.000287163,1,2,0.7,0.7,199,200,201,16.5186446,39.58966078,./WebNet_Mar6/All_Data/s1s2_Ratio_70_70
68,0.003296014,0.417177671,0.270343692,0.312478637,2.893233083,3.083018868,23.62222168,11.34199864,12.79669533,43.58802807,33.49004359,36.68538246,0.000286076,1,2,0.7,0.8,202,203,204,15.92030521,37.92115137,./WebNet_Mar6/All_Data/s1s2_Ratio_70_80
69,0.003343945,0.417312696,0.272629015,0.31005829,2.894472362,3.081981982,23.04025726,11.25989177,12.82815898,44.73688105,30.08449229,35.95501948,0.000280114,1,2,0.7,0.9,205,206,207,15.709436,36.92546427,./WebNet_Mar6/All_Data/s1s2_Ratio_70_90
70,0.003352124,0.414745063,0.274237918,0.311017019,2.910212474,3.083038869,22.94651463,11.72984839,12.55262227,42.86337059,27.56317888,35.92047167,0.000275969,1,2,0.7,1,208,209,210,15.7429951,35.44900705,./WebNet_Mar6/All_Data/s1s2_Ratio_70_100
71,0.003075939,0.387027188,0.272377647,0.340595165,2.8125,3.098121086,19.29155828,13.19635487,13.85400067,25.81630115,29.77927042,32.83130773,0.000239927,1,2,0.8,0.1,211,212,213,15.44730461,29.47562643,./WebNet_Mar6/All_Data/s1s2_Ratio_80_10
72,0.003117226,0.394406226,0.277412127,0.328181647,2.81043956,3.094373866,18.35285284,11.46915604,11.94519284,35.00427601,30.29185151,31.61575824,0.000242576,1,2,0.8,0.2,214,215,216,13.92240057,32.30396192,./WebNet_Mar6/All_Data/s1s2_Ratio_80_20
73,0.003087106,0.393981356,0.276307057,0.329711587,2.826484018,3.098507463,19.7987256,12.07368626,11.54911542,35.28768063,37.06197796,34.28185143,0.00025391,1,2,0.8,0.3,217,218,219,14.47384242,35.54383667,./WebNet_Mar6/All_Data/s1s2_Ratio_80_30
74,0.003165596,0.404177876,0.273262395,0.322559728,2.847107438,3.093915344,21.24925406,11.15510338,11.54103361,34.02362595,31.92247722,33.17183142,0.000258799,1,2,0.8,0.4,220,221,222,14.64846368,33.03931153,./WebNet_Mar6/All_Data/s1s2_Ratio_80_40
75,0.003164962,0.409858486,0.272837079,0.317304436,2.85924563,3.083916084,21.36460472,12.71988556,11.91683258,38.50717474,33.03092766,33.5316915,0.000265688,1,2,0.8,0.5,223,224,225,15.33377429,35.02326463,./WebNet_Mar6/All_Data/s1s2_Ratio_80_50
76,0.003163166,0.407919763,0.272101188,0.319979049,2.876127974,3.085921325,21.10290258,12.82207021,13.32012934,45.95443715,33.1021362,37.80402978,0.000274941,1,2,0.8,0.6,226,227,228,15.74836738,38.95353438,./WebNet_Mar6/All_Data/s1s2_Ratio_80_60
77,0.003227583,0.414103519,0.271166383,0.314730098,2.889751553,3.084066471,22.29294689,11.40328078,11.7425095,44.79654816,36.3227855,34.32158061,0.000275221,1,2,0.8,0.7,229,230,231,15.14624572,38.48030476,./WebNet_Mar6/All_Data/s1s2_Ratio_80_70
78,0.00328989,0.418394461,0.268279199,0.31332634,2.897416974,3.083179298,21.87322424,10.21846545,12.67448023,42.71759313,33.30527199,36.75791037,0.000275037,1,2,0.8,0.8,232,233,234,14.92205664,37.59359183,./WebNet_Mar6/All_Data/s1s2_Ratio_80_80
79,0.003337185,0.418456244,0.270646066,0.31089769,2.898448519,3.082155477,21.13642484,10.35930809,12.08216435,43.92181539,31.99289226,35.85239548,0.000270067,1,2,0.8,0.9,235,236,237,14.52596576,37.25570105,./WebNet_Mar6/All_Data/s1s2_Ratio_80_90
80,0.003345551,0.415870661,0.272331903,0.311797436,2.913746631,3.083188908,21.93077561,10.85841971,11.21231047,42.05313811,28.61239178,34.67508152,0.000266739,1,2,0.8,1,238,239,240,14.6671686,35.11353714,./WebNet_Mar6/All_Data/s1s2_Ratio_80_100
81,0.00307804,0.38608192,0.273231159,0.340686921,2.814925373,3.099601594,15.25225061,11.62301711,18.34944203,26.68156216,27.31747638,30.25948778,0.000226532,1,2,0.9,0.1,241,242,243,15.07490325,28.08617544,./WebNet_Mar6/All_Data/s1s2_Ratio_90_10
82,0.00311742,0.393282497,0.27795424,0.328763263,2.812664908,3.095818815,15.56572004,11.52095731,14.92347679,34.39817892,27.89413433,28.32675903,0.000230441,1,2,0.9,0.2,244,245,246,14.00338471,30.20635743,./WebNet_Mar6/All_Data/s1s2_Ratio_90_20
83,0.003088278,0.393051824,0.27679994,0.330148235,2.82781457,3.0995671,16.32862136,10.28147713,13.58411064,34.39536521,31.89278669,34.64590326,0.000241925,1,2,0.9,0.3,247,248,249,13.39806971,33.64468505,./WebNet_Mar6/All_Data/s1s2_Ratio_90_30
84,0.003164277,0.40305562,0.273786949,0.323157431,2.847695391,3.094993582,17.97372001,10.23686265,12.52288543,31.72899701,29.87567635,30.78196659,0.000247481,1,2,0.9,0.4,250,251,252,13.5778227,30.79554665,./WebNet_Mar6/All_Data/s1s2_Ratio_90_40
85,0.003163806,0.408708827,0.273315193,0.317975979,2.859444942,3.085130533,18.31334792,12.20189654,13.89077054,35.17447581,28.57775825,29.50319419,0.000254858,1,2,0.9,0.5,253,254,255,14.802005,31.08514275,./WebNet_Mar6/All_Data/s1s2_Ratio_90_50
86,0.003162181,0.406942791,0.27254394,0.320513268,2.875900721,3.086956522,18.6114652,12.92633558,14.29786203,42.99882931,30.17205439,36.57559177,0.000264381,1,2,0.9,0.6,256,257,258,15.27855427,36.58215849,./WebNet_Mar6/All_Data/s1s2_Ratio_90_60
87,0.003225199,0.413064784,0.271596297,0.315338919,2.8892261,3.085086042,19.58509958,11.53760596,12.08270216,43.55493913,31.27350021,32.80091692,0.000265401,1,2,0.9,0.7,259,260,261,14.40180256,35.87645209,./WebNet_Mar6/All_Data/s1s2_Ratio_90_70
88,0.003286291,0.417339489,0.268738463,0.313922048,2.896750903,3.084162896,20.1201963,10.27606853,12.01051165,41.00753354,29.51982737,33.94013695,0.000265883,1,2,0.9,0.8,262,263,264,14.13559216,34.82249929,./WebNet_Mar6/All_Data/s1s2_Ratio_90_80
89,0.003332775,0.417460417,0.271033623,0.31150596,2.897790055,3.083116883,19.84665803,10.53821667,11.48374561,41.11518064,28.31778158,33.14310321,0.000261682,1,2,0.9,0.9,265,266,267,13.95620677,34.19202181,./WebNet_Mar6/All_Data/s1s2_Ratio_90_90
90,0.003341192,0.414972658,0.272669005,0.312358337,2.912813738,3.08411215,19.76869755,10.99844699,11.0317599,39.51631767,25.48652232,31.29711038,0.000258994,1,2,0.9,1,268,269,270,13.93296815,32.09998346,./WebNet_Mar6/All_Data/s1s2_Ratio_90_100
91,0.003114419,0.382238766,0.276173858,0.341587376,2.840707965,3.097276265,10.66066932,9.015714263,11.61035806,21.78195967,25.86859763,30.01898274,0.00021289,1,2,1,0.1,271,272,273,10.42891388,25.88984668,./WebNet_Mar6/All_Data/s1s2_Ratio_100_10
92,0.003148953,0.389708606,0.280401626,0.329889767,2.835509138,3.093856655,10.19579668,9.564231106,9.88148817,26.60837622,26.48815975,27.74260189,0.000217878,1,2,1,0.2,274,275,276,9.880505319,26.94637929,./WebNet_Mar6/All_Data/s1s2_Ratio_100_20
93,0.003115048,0.390041573,0.278892626,0.331065801,2.846827133,3.09787234,12.33201393,9.250142477,10.8184631,29.62425336,30.00585149,32.80330805,0.000229572,1,2,1,0.3,277,278,279,10.8002065,30.81113763,./WebNet_Mar6/All_Data/s1s2_Ratio_100_30
94,0.003187392,0.40018913,0.275696802,0.324114068,2.864811133,3.093552465,13.64776148,8.472666268,9.724534701,31.68696749,24.50065432,32.387673,0.000235756,1,2,1,0.4,280,281,282,10.61498748,29.52509827,./WebNet_Mar6/All_Data/s1s2_Ratio_100_40
95,0.003184411,0.406045897,0.275027614,0.318926489,2.874666667,3.083986562,14.69089617,11.19745731,9.774045663,33.27142514,24.7584382,33.59868513,0.000243594,1,2,1,0.5,283,284,285,11.88746638,30.54284949,./WebNet_Mar6/All_Data/s1s2_Ratio_100_50
96,0.003180546,0.404598322,0.274083462,0.321318216,2.889419252,3.085914086,14.93268553,11.48278229,10.932447,39.45666053,26.84965223,35.64243247,0.000253386,1,2,1,0.6,286,287,288,12.44930494,33.98291508,./WebNet_Mar6/All_Data/s1s2_Ratio_100_60
97,0.003241878,0.410798975,0.273036585,0.31616444,2.901960784,3.084120983,16.0847912,10.49821554,10.93196466,35.34391979,27.61742604,31.63050857,0.000255096,1,2,1,0.7,289,290,291,12.50499047,31.53061813,./WebNet_Mar6/All_Data/s1s2_Ratio_100_70
98,0.003301527,0.415164898,0.270122797,0.314712305,2.908829864,3.083258729,16.94880029,9.166466784,9.581929571,37.06058927,27.02195098,33.69252242,0.000256208,1,2,1,0.8,292,293,294,11.89906555,32.59168756,./WebNet_Mar6/All_Data/s1s2_Ratio_100_80
99,0.00334691,0.415406843,0.272308595,0.312284562,2.909340659,3.082262211,18.08815568,9.389735833,10.92063039,39.11268518,25.99724303,31.80729618,0.000252747,1,2,1,0.9,295,296,297,12.7995073,32.30574146,./WebNet_Mar6/All_Data/s1s2_Ratio_100_90
100,0.003354572,0.4130545,0.273858728,0.313086772,2.923784494,3.083263246,16.80730061,9.853326374,10.17626811,35.84013091,22.84245455,32.54641244,0.000250677,1,2,1,1,298,299,300,12.27896503,30.40966597,./WebNet_Mar6/All_Data/s1s2_Ratio_100_100
101,0.002779758,0.363188872,0.352689291,0.284121837,2.304347826,3.111111111,18.20752574,21.59340579,10.66673211,15.2092678,20.84082944,10.32770073,0.000177582,3,23,0.1,0.1,1,2,3,16.82255455,15.45926599,./WebNet_Mar6/All_Data/s3s23_Ratio_10_10
102,0.001901815,0.348929556,0.329822774,0.321247669,2.566727605,3.090909091,20.49711019,22.55794498,16.35986382,33.55817877,42.09164815,21.00316857,0.000287603,3,23,0.1,0.2,4,5,6,19.80497299,32.21766517,./WebNet_Mar6/All_Data/s3s23_Ratio_10_20
103,0.001514577,0.372297466,0.32277791,0.304924624,2.926027397,3.133510168,40.56083521,21.74316792,20.64083872,53.19281101,58.79791452,38.42869886,0.00047594,3,23,0.1,0.3,7,8,9,27.64828062,50.13980813,./WebNet_Mar6/All_Data/s3s23_Ratio_10_30
104,0.001331847,0.373695965,0.318221382,0.308082653,2.996171516,3.152930403,49.80620659,26.25841663,17.14268673,66.97066341,73.30044184,37.24683366,0.000583161,3,23,0.1,0.4,10,11,12,31.06910332,59.1726463,./WebNet_Mar6/All_Data/s3s23_Ratio_10_40
105,0.001262558,0.367324367,0.322963088,0.309712545,3.115158308,3.196920052,49.82894718,25.70145121,18.24268355,71.30646561,68.31910093,51.90206524,0.000631684,3,23,0.1,0.5,13,14,15,31.25769398,63.84254393,./WebNet_Mar6/All_Data/s3s23_Ratio_10_50
106,0.001252787,0.36518858,0.32608229,0.30872913,3.075642245,3.196511628,46.79507036,28.19666792,17.70130493,64.25351348,55.72863915,53.85892815,0.000602746,3,23,0.1,0.6,16,17,18,30.89768107,57.94702693,./WebNet_Mar6/All_Data/s3s23_Ratio_10_60
107,0.001278247,0.359177486,0.318667201,0.322155313,3.15144614,3.2055131,41.83944693,25.44625804,16.97771838,55.33767683,50.66581912,53.64118134,0.000566814,3,23,0.1,0.7,19,20,21,28.08780778,53.21489243,./WebNet_Mar6/All_Data/s3s23_Ratio_10_70
108,0.001316395,0.360267533,0.32197232,0.317760147,3.134653906,3.203385277,37.3398039,23.06229465,15.21401342,55.07765266,46.16297137,50.14642016,0.000521686,3,23,0.1,0.8,22,23,24,25.20537066,50.46234807,./WebNet_Mar6/All_Data/s3s23_Ratio_10_80
109,0.001373039,0.363937356,0.32505777,0.311004873,3.134047671,3.201166181,36.25047572,21.53754392,14.16496572,52.01043946,43.52914382,45.14849559,0.000493552,3,23,0.1,0.9,25,26,27,23.98432845,46.89602629,./WebNet_Mar6/All_Data/s3s23_Ratio_10_90
110,0.001375809,0.363356179,0.324560586,0.312083235,3.134047671,3.201166181,32.68718628,19.83424219,13.3482538,47.02225164,44.52244716,43.60848853,0.000446079,3,23,0.1,1,28,29,30,21.95656076,45.05106245,./WebNet_Mar6/All_Data/s3s23_Ratio_10_100
111,0.003173797,0.358326338,0.356078805,0.285594857,2.375586854,3.07826087,18.01429984,19.24776262,10.65502213,23.62064923,23.05714341,14.26193468,0.000196089,3,23,0.2,0.1,31,32,33,15.97236153,20.31324244,./WebNet_Mar6/All_Data/s3s23_Ratio_20_10
112,0.002144494,0.348399727,0.33566262,0.315937653,2.559485531,3.082278481,21.45967483,20.3258014,15.04814019,33.53631356,35.2713648,22.39503806,0.000271899,3,23,0.2,0.2,34,35,36,18.94453881,30.40090547,./WebNet_Mar6/All_Data/s3s23_Ratio_20_20
113,0.001607422,0.371097311,0.326863675,0.302039014,2.908023483,3.129332206,34.9521877,20.62046794,16.84340013,50.4081362,57.37162524,37.70983564,0.000424258,3,23,0.2,0.3,37,38,39,24.13868526,48.49653236,./WebNet_Mar6/All_Data/s3s23_Ratio_20_30
114,0.001387749,0.37283498,0.321139696,0.306025324,2.983985102,3.150268336,43.4356375,24.71522829,15.21828176,57.93795649,68.00381232,39.70239639,0.000525072,3,23,0.2,0.4,40,41,42,27.78971585,55.21472174,./WebNet_Mar6/All_Data/s3s23_Ratio_20_40
115,0.001303321,0.366975428,0.324941628,0.308082944,3.103789127,3.194265464,46.11381018,24.56263553,16.26711796,64.56406853,65.05612853,48.43850653,0.000576888,3,23,0.2,0.5,43,44,45,28.98118789,59.35290119,./WebNet_Mar6/All_Data/s3s23_Ratio_20_50
116,0.001288056,0.364972224,0.327679266,0.307348509,3.066635492,3.194158076,44.06207705,25.37792536,15.73761254,59.23832843,57.92370907,50.20837872,0.000558689,3,23,0.2,0.6,46,47,48,28.39253832,55.79013874,./WebNet_Mar6/All_Data/s3s23_Ratio_20_60
117,0.001310895,0.359206111,0.32041533,0.320378559,3.141577061,3.203175457,38.79457859,23.71103282,15.80788303,58.02597856,50.85612141,51.92182426,0.000531774,3,23,0.2,0.7,49,50,51,26.10449815,53.60130807,./WebNet_Mar6/All_Data/s3s23_Ratio_20_70
118,0.001347983,0.360255472,0.323523523,0.316221005,3.125273763,3.201112878,35.52864669,21.65786587,14.5745094,52.27591197,45.0344466,48.7382368,0.00049445,3,23,0.2,0.8,52,53,54,23.92034065,48.68286513,./WebNet_Mar6/All_Data/s3s23_Ratio_20_80
119,0.001403362,0.363800673,0.326416964,0.309782363,3.124838571,3.198954248,35.08288558,20.27576858,13.66135001,49.33767727,44.01479628,44.52331901,0.000471235,3,23,0.2,0.9,55,56,57,23.00666806,45.95859752,./WebNet_Mar6/All_Data/s3s23_Ratio_20_90
120,0.001406097,0.363239566,0.325934079,0.310826356,3.124838571,3.198954248,31.87859248,18.59725536,12.92171615,43.91515168,41.42589553,37.03622008,0.000429152,3,23,0.2,1,58,59,60,21.13252133,40.79242243,./WebNet_Mar6/All_Data/s3s23_Ratio_20_100
121,0.002845889,0.351288363,0.352620141,0.296091496,2.577540107,3.082987552,22.52781324,20.54176492,11.9173623,30.15756336,28.8637067,23.21457635,0.000239418,3,23,0.3,0.1,61,62,63,18.32898015,27.4119488,./WebNet_Mar6/All_Data/s3s23_Ratio_30_10
122,0.002220258,0.346638393,0.338680219,0.314681388,2.618135377,3.083710407,21.5008769,19.73406962,14.8482238,40.7420066,36.22283037,23.98332439,0.000287198,3,23,0.3,0.2,64,65,66,18.6943901,33.64938712,./WebNet_Mar6/All_Data/s3s23_Ratio_30_20
123,0.001689052,0.367022445,0.329723167,0.303254388,2.902007084,3.125286478,34.28359252,19.18679997,13.771958,54.10401943,53.57288901,38.15544286,0.000410835,3,23,0.3,0.3,67,68,69,22.41411683,48.61078376,./WebNet_Mar6/All_Data/s3s23_Ratio_30_30
124,0.001447006,0.369913037,0.323608209,0.306478754,2.976106817,3.146909399,41.50946656,21.65734948,15.01722428,63.86956629,65.09393797,43.22884456,0.000500092,3,23,0.3,0.4,70,71,72,26.06134677,57.39744961,./WebNet_Mar6/All_Data/s3s23_Ratio_30_40
125,0.00134928,0.365138874,0.32657549,0.308285635,3.092821457,3.190092879,43.06448591,23.65492273,16.06727823,59.50505224,62.29068289,52.41999752,0.000550003,3,23,0.3,0.5,73,74,75,27.59556229,58.07191088,./WebNet_Mar6/All_Data/s3s23_Ratio_30_50
126,0.001328396,0.363482182,0.328944582,0.307573236,3.058584948,3.190436705,40.82335723,24.05369304,15.90327302,57.24472734,55.52717751,52.66733231,0.000536603,3,23,0.3,0.6,76,77,78,26.92677443,55.14641239,./WebNet_Mar6/All_Data/s3s23_Ratio_30_60
127,0.001347983,0.358165772,0.32200734,0.319826888,3.131243243,3.199375325,37.03837566,22.32586254,15.71300019,52.56475661,49.31765293,48.71737435,0.000514597,3,23,0.3,0.7,79,80,81,25.02574613,50.19992796,./WebNet_Mar6/All_Data/s3s23_Ratio_30_70
128,0.001383298,0.359200036,0.324875439,0.315924526,3.115718215,3.197435897,34.84144437,20.93770571,14.99461519,51.34801705,47.38480116,46.04902721,0.000482005,3,23,0.3,0.8,82,83,84,23.59125509,48.26061514,./WebNet_Mar6/All_Data/s3s23_Ratio_30_80
129,0.001436399,0.362613622,0.327544341,0.309842037,3.115456626,3.195393571,33.97397775,19.97707615,14.04466343,53.86628219,44.59872645,43.51657561,0.000461623,3,23,0.3,0.9,85,86,87,22.66523911,47.32719475,./WebNet_Mar6/All_Data/s3s23_Ratio_30_90
130,0.00143905,0.362084317,0.327084866,0.310830817,3.115456626,3.195393571,31.56686601,18.18029438,12.79266914,44.0971278,41.69652253,42.29114692,0.000423138,3,23,0.3,1,88,89,90,20.84660984,42.69493242,./WebNet_Mar6/All_Data/s3s23_Ratio_30_100
131,0.002957433,0.360600857,0.312258193,0.32714095,2.640495868,3.087087087,21.57463073,20.26245796,12.35871419,33.46297942,36.59890584,24.10781204,0.000256454,3,23,0.4,0.1,91,92,93,18.06526762,31.3898991,./WebNet_Mar6/All_Data/s3s23_Ratio_40_10
132,0.00236366,0.353799778,0.313963759,0.332236462,2.647256439,3.086142322,20.83116636,20.18772604,14.55998353,39.55989071,39.96687149,29.46128562,0.000291171,3,23,0.4,0.2,94,95,96,18.52629198,36.32934927,./WebNet_Mar6/All_Data/s3s23_Ratio_40_20
133,0.001785764,0.369045502,0.315929452,0.315025046,2.899113082,3.123483226,30.37190213,20.14632386,13.69636531,56.11834864,53.86694112,37.11548997,0.000396857,3,23,0.4,0.3,97,98,99,21.40486377,49.03359324,./WebNet_Mar6/All_Data/s3s23_Ratio_40_30
134,0.001513241,0.371109166,0.314393035,0.314497799,2.971583221,3.145069275,37.42491567,23.5721786,14.68630248,58.47057446,61.07475447,40.49080954,0.0004779,3,23,0.4,0.4,100,101,102,25.22779892,53.34537949,./WebNet_Mar6/All_Data/s3s23_Ratio_40_40
135,0.0014,0.366371906,0.319148389,0.314479705,3.086123179,3.187537628,39.50462669,23.0330629,15.29035369,59.10884706,60.88126674,48.50471483,0.000525511,3,23,0.4,0.5,103,104,105,25.94268109,56.16494287,./WebNet_Mar6/All_Data/s3s23_Ratio_40_50
136,0.00137297,0.364665471,0.322230634,0.313103895,3.053649956,3.188140162,36.37426997,24.13360131,15.37360014,62.46435552,56.17900788,47.09642873,0.000515796,3,23,0.4,0.6,106,107,108,25.29382381,55.24659738,./WebNet_Mar6/All_Data/s3s23_Ratio_40_60
137,0.001389406,0.359531267,0.316129619,0.324339114,3.124815206,3.197000508,35.13572492,22.46818371,15.30585802,50.43102884,51.52690219,47.85212978,0.000497766,3,23,0.4,0.7,109,110,111,24.30325555,49.93668694,./WebNet_Mar6/All_Data/s3s23_Ratio_40_70
138,0.001423307,0.360461152,0.31909274,0.320446107,3.109778789,3.195140281,32.55731249,20.69817134,14.42474185,49.09005076,46.05115826,48.26499469,0.000469175,3,23,0.4,0.8,112,113,114,22.56007523,47.8020679,./WebNet_Mar6/All_Data/s3s23_Ratio_40_80
139,0.001474668,0.363654203,0.321930928,0.314414868,3.109619687,3.193173386,32.30292015,21.16681782,13.5345449,48.75300558,47.5802612,45.36246631,0.000451277,3,23,0.4,0.9,115,116,117,22.33476096,47.23191103,./WebNet_Mar6/All_Data/s3s23_Ratio_40_90
140,0.001477264,0.36314735,0.321502397,0.315350253,3.109619687,3.193173386,29.72274499,18.70441933,13.06901931,44.50769229,42.42567733,41.10106776,0.000416002,3,23,0.4,1,118,119,120,20.49872788,42.67814579,./WebNet_Mar6/All_Data/s3s23_Ratio_40_100
141,0.002950979,0.342565782,0.31056498,0.346869238,2.727891156,3.093676815,17.73534403,18.57754492,12.61923889,36.9382696,38.24364519,33.58791379,0.000262496,3,23,0.5,0.1,121,122,123,16.31070928,36.25660953,./WebNet_Mar6/All_Data/s3s23_Ratio_50_10
142,0.002431771,0.341741312,0.312489881,0.345768807,2.698094283,3.090764331,20.1000166,18.79690003,14.47739706,40.6456139,44.58349909,30.01076868,0.000290134,3,23,0.5,0.2,124,125,126,17.7914379,38.41329389,./WebNet_Mar6/All_Data/s3s23_Ratio_50_20
143,0.001852649,0.359969615,0.314810653,0.325219731,2.911949686,3.123076923,28.15204804,19.79868198,15.18204937,55.49649662,53.74821687,37.30644209,0.000382393,3,23,0.5,0.3,127,128,129,21.0442598,48.85038519,./WebNet_Mar6/All_Data/s3s23_Ratio_50_30
144,0.001563785,0.364413342,0.313687525,0.321899134,2.977124183,3.144034537,36.4675302,22.52166659,14.88556174,59.11370046,58.51660306,38.98671873,0.000456838,3,23,0.5,0.4,130,131,132,24.62491951,52.20567408,./WebNet_Mar6/All_Data/s3s23_Ratio_50_40
145,0.001440104,0.361283993,0.318331696,0.320384311,3.087378641,3.18559719,38.58551807,22.73941469,16.54028816,57.97590764,60.85295553,47.70458677,0.000502863,3,23,0.5,0.5,133,134,135,25.95507364,55.51114998,./WebNet_Mar6/All_Data/s3s23_Ratio_50_50
146,0.001408582,0.360208109,0.321355276,0.318436615,3.055460017,3.186382755,36.64958102,25.19431188,16.39466679,56.7518765,53.482149,49.66493481,0.000496418,3,23,0.5,0.6,136,137,138,26.0795199,53.29965344,./WebNet_Mar6/All_Data/s3s23_Ratio_50_60
147,0.001422525,0.355610255,0.315585394,0.328804351,3.125025832,3.195134062,34.35856253,23.62482668,15.17894824,49.88626937,48.34268796,46.30735103,0.000481625,3,23,0.5,0.7,139,140,141,24.38744582,48.17876945,./WebNet_Mar6/All_Data/s3s23_Ratio_50_70
148,0.001455176,0.356649817,0.318442868,0.324907315,3.110301558,3.193343123,32.10615981,21.98390406,14.39242978,50.93529794,44.86657721,44.678221,0.000456424,3,23,0.5,0.8,142,143,144,22.82749788,46.82669871,./WebNet_Mar6/All_Data/s3s23_Ratio_50_80
149,0.001504959,0.359897885,0.321197349,0.318904766,3.110137423,3.191443075,32.1286591,21.36833418,13.59873969,49.89867815,45.21674519,43.4259976,0.000440692,3,23,0.5,0.9,145,146,147,22.36524432,46.18047365,./WebNet_Mar6/All_Data/s3s23_Ratio_50_90
150,0.001507501,0.359417902,0.320787416,0.319794682,3.110137423,3.191443075,29.65493863,18.95149036,13.05386679,44.99535734,43.21408234,39.76003326,0.00040827,3,23,0.5,1,148,149,150,20.55343193,42.65649098,./WebNet_Mar6/All_Data/s3s23_Ratio_50_100
151,0.002761102,0.331327306,0.303075945,0.365596749,2.815864023,3.109848485,19.95758669,19.49541387,13.75182747,31.7238999,36.99354563,28.81397235,0.000257928,3,23,0.6,0.1,151,152,153,17.73494268,32.51047263,./WebNet_Mar6/All_Data/s3s23_Ratio_60_10
152,0.002373833,0.333372891,0.306657136,0.359969973,2.756950673,3.102880658,18.31967826,19.76278925,15.95328086,34.93805786,43.44774032,31.22047626,0.000282356,3,23,0.6,0.2,154,155,156,18.01191613,36.53542482,./WebNet_Mar6/All_Data/s3s23_Ratio_60_20
153,0.001860104,0.353196082,0.310799771,0.336004147,2.931885489,3.126566416,25.14690246,21.14033827,16.40476568,45.98468808,48.86916295,35.25595228,0.000365485,3,23,0.6,0.3,157,158,159,20.89733547,43.36993444,./WebNet_Mar6/All_Data/s3s23_Ratio_60_30
154,0.001580133,0.359200693,0.310790031,0.330009276,2.987413468,3.145337863,29.9270553,22.27382907,15.92017312,52.26269317,53.81554358,37.59026077,0.00043487,3,23,0.6,0.4,160,161,162,22.70701916,47.88949918,./WebNet_Mar6/All_Data/s3s23_Ratio_60_40
155,0.001455957,0.357210363,0.315808195,0.326981442,3.092140266,3.185385272,33.25705646,23.4927874,17.51266617,49.90219651,55.59560809,46.24790109,0.000479343,3,23,0.6,0.5,163,164,165,24.75417001,50.5819019,./WebNet_Mar6/All_Data/s3s23_Ratio_60_50
156,0.001423296,0.356597381,0.318984317,0.324418302,3.060377358,3.186171575,31.77123738,24.20575002,17.44107277,50.63837052,49.196523,46.18700755,0.000475491,3,23,0.6,0.6,166,167,168,24.47268672,48.67396702,./WebNet_Mar6/All_Data/s3s23_Ratio_60_60
157,0.001436033,0.352397155,0.313568889,0.334033956,3.128101674,3.194720271,31.95920419,22.99122952,15.22077295,47.14179142,46.14685549,47.74199278,0.000463622,3,23,0.6,0.7,169,170,171,23.39040222,47.01021323,./WebNet_Mar6/All_Data/s3s23_Ratio_60_70
158,0.001467677,0.35352111,0.316407248,0.330071641,3.113658826,3.192978266,28.18343807,21.40966193,14.44857937,47.57155346,43.7785278,42.74370076,0.00044153,3,23,0.6,0.8,172,173,174,21.34722646,44.69792734,./WebNet_Mar6/All_Data/s3s23_Ratio_60_80
159,0.001516072,0.356814807,0.319171441,0.324013752,3.113446196,3.191127891,28.91884173,20.87231261,14.65300628,44.63958236,45.45513175,42.92959969,0.000427869,3,23,0.6,0.9,175,176,177,21.48138688,44.34143794,./WebNet_Mar6/All_Data/s3s23_Ratio_60_90
160,0.001518553,0.35635479,0.318777569,0.324867641,3.113446196,3.191127891,25.47069475,19.39860484,13.4149853,43.48084613,42.69452472,41.11349528,0.000398145,3,23,0.6,1,178,179,180,19.42809496,42.42962204,./WebNet_Mar6/All_Data/s3s23_Ratio_60_100
161,0.00273318,0.318254465,0.304341736,0.377403799,2.832061069,3.112956811,14.29791671,17.3268192,13.9831722,30.63158879,32.7761013,29.68627541,0.000248019,3,23,0.7,0.1,181,182,183,15.20263604,31.03132183,./WebNet_Mar6/All_Data/s3s23_Ratio_70_10
162,0.002382896,0.323140824,0.307362949,0.369496227,2.771548117,3.105853051,16.55447903,18.20432503,14.47042044,36.01610035,40.39056272,31.58647978,0.000270823,3,23,0.7,0.2,184,185,186,16.4097415,35.99771428,./WebNet_Mar6/All_Data/s3s23_Ratio_70_20
163,0.001884753,0.345247995,0.311066481,0.343685524,2.933523267,3.126946108,22.57753332,18.68274323,15.83733681,41.26865386,44.81450935,34.95355889,0.000347125,3,23,0.7,0.3,187,188,189,19.03253779,40.34557404,./WebNet_Mar6/All_Data/s3s23_Ratio_70_30
164,0.001602627,0.353037864,0.310989519,0.335972617,2.987108656,3.145060595,28.5458941,20.38967995,15.65287945,49.99560263,54.37870988,39.38563717,0.000412502,3,23,0.7,0.4,190,191,192,21.5294845,47.91998322,./WebNet_Mar6/All_Data/s3s23_Ratio_70_40
165,0.001475035,0.352268574,0.315814735,0.331916692,3.089916963,3.184349763,30.99533705,21.51562087,17.12531467,51.4686983,54.32707144,42.57688613,0.000455715,3,23,0.7,0.5,193,194,195,23.21209087,49.45755195,./WebNet_Mar6/All_Data/s3s23_Ratio_70_50
166,0.001440568,0.352172428,0.318901774,0.328925798,3.058969072,3.185222418,31.89313731,22.60489772,17.03237378,46.49876826,47.37461786,49.49662237,0.000454141,3,23,0.7,0.6,196,197,198,23.8434696,47.79000283,./WebNet_Mar6/All_Data/s3s23_Ratio_70_60
167,0.001452116,0.348369872,0.313632662,0.337997466,3.125670042,3.193671187,28.5938371,21.59321904,15.10075993,44.38892064,43.91014241,47.17528248,0.000444849,3,23,0.7,0.7,199,200,201,21.76260536,45.15811518,./WebNet_Mar6/All_Data/s3s23_Ratio_70_70
168,0.001483042,0.349610274,0.316397516,0.33399221,3.111500292,3.191973715,28.62374964,20.20983331,14.79564971,43.87408214,42.91450198,44.34389596,0.00042555,3,23,0.7,0.8,202,203,204,21.20974422,43.7108267,./WebNet_Mar6/All_Data/s3s23_Ratio_70_80
169,0.001530492,0.353004243,0.319095976,0.32789978,3.111324008,3.190166976,26.67583158,19.8128348,14.03909937,43.95534168,43.7480329,41.95588625,0.000413807,3,23,0.7,0.9,205,206,207,20.17592192,43.21975361,./WebNet_Mar6/All_Data/s3s23_Ratio_70_90
170,0.001532937,0.352561299,0.318711639,0.328727062,3.111324008,3.190166976,24.87246803,18.48739263,13.17501702,41.49055697,40.92368406,40.04344507,0.000386582,3,23,0.7,1,208,209,210,18.84495923,40.8192287,./WebNet_Mar6/All_Data/s3s23_Ratio_70_100
171,0.002692142,0.308329246,0.304898668,0.386772086,2.827896513,3.116941529,13.83302589,13.54105968,15.96366365,30.4633521,32.63928845,32.53374746,0.000243631,3,23,0.8,0.1,211,212,213,14.44591641,31.878796,./WebNet_Mar6/All_Data/s3s23_Ratio_80_10
172,0.00238226,0.314918412,0.307561508,0.37752008,2.773497689,3.109447005,15.10525672,14.94595161,15.21109483,32.06700697,36.06871798,32.84598358,0.000264378,3,23,0.8,0.2,214,215,216,15.08743439,33.66056951,./WebNet_Mar6/All_Data/s3s23_Ratio_80_20
173,0.001906587,0.3383014,0.31099913,0.35069947,2.927116342,3.12795389,20.07286318,15.52803064,15.38367225,39.40653111,45.81036722,38.21685293,0.00033448,3,23,0.8,0.3,217,218,219,16.99485536,41.14458375,./WebNet_Mar6/All_Data/s3s23_Ratio_80_30
174,0.001624826,0.347450547,0.310941754,0.3416077,2.981255579,3.145265423,26.26130325,17.32522348,18.67425067,43.06999539,50.59605335,38.75093075,0.000395903,3,23,0.8,0.4,220,221,222,20.75359247,44.13899316,./WebNet_Mar6/All_Data/s3s23_Ratio_80_40
175,0.001494504,0.347722695,0.315609755,0.336667551,3.082908754,3.18380744,28.41091687,18.75301335,18.95711001,44.99073174,47.15761239,45.58443754,0.000437493,3,23,0.8,0.5,223,224,225,22.04034674,45.91092722,./WebNet_Mar6/All_Data/s3s23_Ratio_80_50
176,0.001458361,0.348075005,0.318621149,0.333303845,3.053502928,3.184718101,28.67544806,19.95492658,16.93244137,47.6842483,42.63161246,45.98265456,0.000437405,3,23,0.8,0.6,226,227,228,21.854272,45.43283844,./WebNet_Mar6/All_Data/s3s23_Ratio_80_60
177,0.001468694,0.344642169,0.313522855,0.341834977,3.119066148,3.193064667,27.31582188,19.41728723,16.21720345,43.77168889,40.01633264,45.41885203,0.000430008,3,23,0.8,0.7,229,230,231,20.98343752,43.06895785,./WebNet_Mar6/All_Data/s3s23_Ratio_80_70
178,0.001498822,0.34597793,0.31621403,0.337808041,3.105303319,3.191400832,26.60996745,18.32917833,15.80842812,41.9069502,40.36874946,41.92240244,0.000412896,3,23,0.8,0.8,232,233,234,20.2491913,41.39936737,./WebNet_Mar6/All_Data/s3s23_Ratio_80_80
179,0.001545209,0.349442906,0.318848391,0.331708703,3.1052236,3.189627599,26.05530218,18.1275064,15.20812424,40.45174105,39.94520797,41.61569935,0.00040264,3,23,0.8,0.9,235,236,237,19.79697761,40.67088279,./WebNet_Mar6/All_Data/s3s23_Ratio_80_90
180,0.001547611,0.349017335,0.318474717,0.332507948,3.1052236,3.189627599,24.29648031,16.99650779,15.08787093,41.78976693,38.51459562,38.41912583,0.000377481,3,23,0.8,1,238,239,240,18.79361967,39.57449613,./WebNet_Mar6/All_Data/s3s23_Ratio_80_100
181,0.002676625,0.314240611,0.305259504,0.380499886,2.902636917,3.127604167,14.45005471,11.89684311,15.77396671,30.35676835,29.04486707,29.98727833,0.000242587,3,23,0.9,0.1,241,242,243,14.04028818,29.79630459,./WebNet_Mar6/All_Data/s3s23_Ratio_90_10
182,0.002398326,0.319079904,0.307602456,0.37331764,2.830107527,3.118679051,14.88227489,13.36321806,15.70327512,33.29788537,32.41590281,32.33504614,0.000260347,3,23,0.9,0.2,244,245,246,14.64958936,32.68294477,./WebNet_Mar6/All_Data/s3s23_Ratio_90_20
183,0.001940188,0.339703411,0.310796399,0.349500191,2.95490026,3.131808279,19.11613412,14.33941452,15.1040901,38.06612777,40.82306943,36.438217,0.000323413,3,23,0.9,0.3,247,248,249,16.18654625,38.4424714,./WebNet_Mar6/All_Data/s3s23_Ratio_90_30
184,0.001656366,0.348054395,0.310788667,0.341156939,2.998264893,3.147109727,25.08580449,15.7884201,14.80978309,43.84112507,47.16818929,36.5066976,0.000379778,3,23,0.9,0.4,250,251,252,18.56133589,42.50533732,./WebNet_Mar6/All_Data/s3s23_Ratio_90_40
185,0.001521764,0.348209873,0.315282873,0.336507253,3.093997735,3.184189513,27.44676924,17.43744626,14.6896837,46.6427622,45.30328001,42.23386238,0.000418659,3,23,0.9,0.5,253,254,255,19.8579664,44.72663486,./WebNet_Mar6/All_Data/s3s23_Ratio_90_50
186,0.001483241,0.348502598,0.318207945,0.333289457,3.063762376,3.18504222,28.43900013,19.03322219,14.85366622,43.51185892,41.84413375,45.4289542,0.000424966,3,23,0.9,0.6,256,257,258,20.77529618,43.59498229,./WebNet_Mar6/All_Data/s3s23_Ratio_90_60
187,0.001491975,0.345169056,0.313321021,0.341509923,3.127744892,3.193179217,26.19586604,18.31039128,14.31289587,42.50601177,39.26586941,43.49254636,0.000418824,3,23,0.9,0.7,259,260,261,19.6063844,41.75480918,./WebNet_Mar6/All_Data/s3s23_Ratio_90_70
188,0.001521128,0.346439935,0.315924026,0.337636038,3.114066305,3.191551841,25.58807817,17.28541667,14.05135064,41.68519559,37.70862784,44.1741108,0.000403356,3,23,0.9,0.8,262,263,264,18.9749485,41.18931141,./WebNet_Mar6/All_Data/s3s23_Ratio_90_80
189,0.00156623,0.349768006,0.31848192,0.331750075,3.113858646,3.189816883,24.67940552,17.34581187,12.75434974,42.82664342,39.5730298,40.17813643,0.000394169,3,23,0.9,0.9,265,266,267,18.25985571,40.85926988,./WebNet_Mar6/All_Data/s3s23_Ratio_90_90
190,0.001568583,0.349356296,0.318121395,0.332522309,3.113858646,3.189816883,23.8930976,16.295317,12.08480483,40.61605801,35.89320835,38.00458625,0.000370714,3,23,0.9,1,268,269,270,17.42440648,38.1712842,./WebNet_Mar6/All_Data/s3s23_Ratio_90_100
191,0.002542762,0.330623389,0.298458144,0.370918467,2.942731278,3.129175947,15.29136122,10.63558728,12.70741774,25.56606486,27.06949743,29.47976183,0.000243451,3,23,1,0.1,271,272,273,12.87812208,27.3717747,./WebNet_Mar6/All_Data/s3s23_Ratio_100_10
192,0.002327365,0.332196037,0.301805608,0.365998356,2.866580311,3.121019108,15.48326022,12.5514503,11.34642407,28.0729729,30.1756415,30.52160806,0.000259306,3,23,1,0.2,274,275,276,13.12704486,29.59007415,./WebNet_Mar6/All_Data/s3s23_Ratio_100_20
193,0.001927149,0.348096258,0.306358038,0.345545704,2.970264766,3.13224822,21.144664,13.47088526,11.92808779,32.51829692,37.06092916,34.63780603,0.000317582,3,23,1,0.3,277,278,279,15.51454569,34.7390107,./WebNet_Mar6/All_Data/s3s23_Ratio_100_30
194,0.001660108,0.354218723,0.307325019,0.338456258,3.006930968,3.14673733,23.65040845,14.87620619,12.93888335,39.55711906,43.1061403,37.16018752,0.000370557,3,23,1,0.4,280,281,282,17.155166,39.94114896,./WebNet_Mar6/All_Data/s3s23_Ratio_100_40
195,0.001529185,0.353337743,0.312225213,0.334437044,3.097721297,3.182660149,26.09615225,16.9261809,14.92718831,41.86896874,43.9719935,40.26120584,0.000407689,3,23,1,0.5,283,284,285,19.31650715,42.03405603,./WebNet_Mar6/All_Data/s3s23_Ratio_100_50
196,0.001490974,0.353154161,0.315325813,0.331520026,3.067897673,3.183625731,26.6225934,18.582036,14.63270343,43.74265949,39.70748194,43.73902219,0.000414456,3,23,1,0.6,286,287,288,19.94577761,42.39638787,./WebNet_Mar6/All_Data/s3s23_Ratio_100_60
197,0.001499044,0.349656179,0.310769762,0.339574059,3.12996658,3.191598133,25.53403935,17.94089375,13.62748066,38.76880423,37.51919879,42.54265953,0.00040939,3,23,1,0.7,289,290,291,19.03413792,39.61022085,./WebNet_Mar6/All_Data/s3s23_Ratio_100_70
198,0.00152728,0.350740263,0.313373013,0.335886723,3.116618076,3.190037305,24.52903716,16.97301916,12.67558497,38.23346791,36.9881385,41.0447639,0.000395334,3,23,1,0.8,292,293,294,18.05921376,38.75545677,./WebNet_Mar6/All_Data/s3s23_Ratio_100_80
199,0.001571052,0.353787159,0.315959328,0.330253513,3.11637931,3.188368056,24.79556614,16.9955315,12.6893541,41.60895918,36.85115342,39.72262519,0.000387083,3,23,1,0.9,295,296,297,18.16015058,39.39424593,./WebNet_Mar6/All_Data/s3s23_Ratio_100_90
200,0.00157334,0.353382158,0.315613463,0.33100438,3.11637931,3.188368056,23.76125857,16.00859491,11.90843172,34.5606303,36.17651775,36.37249529,0.0003651,3,23,1,1,298,299,300,17.22609507,35.70321445,./WebNet_Mar6/All_Data/s3s23_Ratio_100_100
